{"question": 2.209413642492037, "answer": 2.030098462268734, "source": 2.6765387031145362, "focus_area": 0.26081649788824846}